Stock Market Today - EUR/USD Forecast March 22-26 � Fed stays ..., 2021-03-21 01:13:55.827435, 40 mins ago ,  Stock Market Today � EUR/USD Forecast March 22-26 � Fed stays dovish but dollar gains ground. Technical lines from top to bottom: We start with resistance at..., https://fintechzoom.com/fintech_news_stock-market/stock-market-today-eur-usd-forecast-march-22-26-fed-stays-dovish-but-dollar-gains-ground/
Indian companies sell shares at fastest rate since financial crisis, 2021-03-21 01:13:55.839621, 1 hour ago ,  Over �the last five years the equity market itself was very dull and there wasn't much happening in terms of IPO activity� said Hemang Jani an equity strategist at..., https://www.ft.com/content/4f1294ae-8a20-47c3-abf4-0223f56ec1fa
Ian Cowie: My copper-bottomed punt on tech will help me through ..., 2021-03-21 01:13:55.848367, 1 hour ago ,  Fever-Tree (stock-market ticker: FEVR) is closest to my wallet because it used to be the biggest shareholding in the �forever fund� and remains its fifth most..., https://www.thetimes.co.uk/article/ian-cowie-my-copper-bottomed-punt-on-tech-will-help-me-through-the-market-sell-off-clqszgfx0
Ronan Reid takes stock for Cantor Fitzgerald Ireland in turbulent times, 2021-03-21 01:13:55.857104, 1 hour ago ,  Stock market trading volumes trebled in March 2000 according to the Central Bank of Ireland driven by retail investors rushing to profit from the stock market..., https://www.thetimes.co.uk/article/ronan-reid-takes-stock-for-cantor-fitzgerald-ireland-in-turbulent-times-20579drh2
Brazilian Stock Exchange approves two new crypto ETFs in Latin ..., 2021-03-21 01:13:55.866080, 1 hour ago ,  The Brazilian Securities and Exchange Commission or CVM approved two cryptocurrency ETFs this week � one 100% Bitcoin and the other composed of five..., https://www.investing.com/news/cryptocurrency-news/brazilian-stock-exchange-approves-two-new-crypto-etfs-in-latin-america-2452603
Is DocuSign (DOCU) Stock A Buy or Sell?, 2021-03-21 01:13:55.875180, 1 hour ago ,  This means the bullish number of hedge fund positions in this stock currently sits at ... returns couldn't keep up with the unhedged returns of the market indices., https://finance.yahoo.com/news/docusign-docu-stock-buy-sell-233034437.html
Is Match Group (MTCH) Stock A Buy or Sell? Insider Monkey, 2021-03-21 01:13:55.884670, 1 hour ago ,  The top picks of these firms have historically outperformed the market when we ... This means the bullish number of hedge fund positions in this stock currently..., https://finance.yahoo.com/news/match-group-mtch-stock-buy-233850412.html
Is Activision Blizzard (ATVI) Stock A Buy or Sell? Insider Monkey, 2021-03-21 01:13:55.893837, 1 hour ago ,  Our research has shown that hedge funds' small-cap stock picks managed to beat the market by double digits annually between 1999 and 2016 but the margin..., https://finance.yahoo.com/news/activision-blizzard-atvi-stock-buy-233006932.html
Is Liberty Broadband (LBRDK) Stock A Buy or Sell?, 2021-03-21 01:13:55.902806, 1 hour ago ,  Our experts have shown that historically those who follow the best picks of the best hedge fund managers can outpace the market by a healthy amount (see the..., https://finance.yahoo.com/news/liberty-broadband-lbrdk-stock-buy-232925401.html
When to Trade and When to Do Nothing, 2021-03-21 01:13:55.912554, 3 hours ago ,  The daily charts (below) are of the four major stock market indices including the Russell 2000 (IWM) S&P 500 (SPY) Nasdaq 100 (QQQ) and the Dow Jones..., https://www.seeitmarket.com/when-to-trade-and-when-to-do-nothing/
Stock Market Analysis Today - These money and investing tips can ..., 2021-03-21 01:13:57.938190, 3 hours ago ,  Stock Market Analysis Today � These money and investing tips can give you a parachute when financial markets demand a leap of faith. Don't miss these top..., https://fintechzoom.com/fintech_news_stock-market-news/stock-market-analysis-today-these-money-and-investing-tips-can-give-you-a-parachute-when-financial-markets-demand-a-leap-of-faith/
Dow Jones Stock Market Today - Millennial Airline Investors Are Up ..., 2021-03-21 01:13:57.947287, 3 hours ago ,  Take the stock market. Stuck at home and $1200 richer thanks to the first coronavirus relief bill millions of millennials and Gen Zers tried their hand at investing for..., https://fintechzoom.com/fintech_news_dow-jones/dow-jones-stock-market-today-millennial-airline-investors-are-up-double-since-buffetts-departure/
Frustrated By The S&P 500's Recent Returns? Reverse It., 2021-03-21 01:13:57.957236, 4 hours ago ,  So the smallest weighted stock in SPY is the largest holding in RVRS. ... Let's dig into the market cap data on several popular ETFs to see how RVRS compares., https://www.seeitmarket.com/frustrated-by-the-sp-500s-recent-returns-reverse-it/
Stock Market Today - College sports is a multibillion-dollar industry ..., 2021-03-21 01:13:57.967390, 4 hours ago ,  Get more from Axios and subscribe to Axios Markets for free. Stock Market Today � College sports is a multibillion-dollar industry built on Black student-athletes., https://fintechzoom.com/fintech_news_stock-market/stock-market-today-college-sports-is-a-multibillion-dollar-industry-built-on-black-student-athletes/
Dow Jones Stock Market Today - Chip Shortage Hits Ford Others ..., 2021-03-21 01:13:57.977073, 5 hours ago ,  Home , https://fintechzoom.com/fintech_news_dow-jones/dow-jones-stock-market-today-chip-shortage-hits-ford-others-investors-dont-have-to-panic-yet/
Letter: Let's Talk Economy | Opinion | thepilot.com, 2021-03-21 01:13:57.986142, 5 hours ago ,  If the stock market was somehow the U.S. economy then almost half of the population is left out. This is why Trump acolytes who continue to bang their pans..., https://www.thepilot.com/opinion/letter-let-s-talk-economy/article_c818e2c6-88dc-11eb-b4a9-2b5905ef1d93.html
How Does the Stock Market Work?, 2021-03-21 01:13:57.996115, 5 hours ago ,  It's where public companies list equity shares and where investors buy and sell them. The �stock market� isn't so much a physical place anymore. While they might..., https://www.wallstreetreporter.com/2021/03/how-does-the-stock-market-work/
Latest Stock Market News, 2021-03-21 01:13:58.006149, 6 hours ago ,  Stock Market News � U.S. stocks close mostly lower as bank shares get hit by Fed decision on capital requirements. U.S. stocks closed mostly lower Friday and..., https://fintechzoom.com/fintech_news_stock-market/stock-market-news-u-s-stocks-close-mostly-lower-as-bank-shares-get-hit-by-fed-decision-on-capital-requirements/
Stock Market Today - Million dollar dumps: Auckland's derelict ..., 2021-03-21 01:13:58.016088, 6 hours ago ,  Stock Market Today � Million dollar dumps: Auckland's derelict properties worth millions of dollars. New Zealand is in a housing crisis. Around the country the..., https://fintechzoom.com/fintech_news_stock-market/stock-market-today-million-dollar-dumps-aucklands-derelict-properties-worth-millions-of-dollars/
Boeing Stock - 4 Reasons I Couldn't Resist Buying This Ridiculously ..., 2021-03-21 01:13:58.026217, 7 hours ago ,  ... at $7000 , https://fintechzoom.com/fintech_news_stock-market/boeing-stock-4-reasons-i-couldnt-resist-buying-this-ridiculously-cheap-coronavirus-stock/
London Stock Exchange - Jacob takes Stock during injury lay-off in ..., 2021-03-21 01:13:59.248037, 6 hours ago ,  London Stock Exchange � Jacob takes Stock during injury lay-off in the hope of delivering venomous comeback. Jacob Stockdale says it will take �accuracy and..., https://fintechzoom.com/fintech_news_stock-market-today/london-stock-exchange-jacob-takes-stock-during-injury-lay-off-in-the-hope-of-delivering-venomous-comeback/
Latest Stock Market News, 2021-03-21 01:13:59.258683, 6 hours ago ,  For the week the Dow fell 0.5% and the S&P 500 and the Nasdaq both slid 0.8%. What drove the market? Stocks slipped after the Fed said it it would allow an..., https://fintechzoom.com/fintech_news_stock-market/stock-market-news-u-s-stocks-close-mostly-lower-as-bank-shares-get-hit-by-fed-decision-on-capital-requirements/
Stock Market Today - Million dollar dumps: Auckland's derelict ..., 2021-03-21 01:13:59.267753, 6 hours ago ,  Stock Market Today � Million dollar dumps: Auckland's derelict properties worth millions of dollars. New Zealand is in a housing crisis. Around the country the..., https://fintechzoom.com/fintech_news_stock-market/stock-market-today-million-dollar-dumps-aucklands-derelict-properties-worth-millions-of-dollars/
Value Investors: Retire Rich With This Stock in Your Portfolio, 2021-03-21 01:13:59.278272, 7 hours ago ,  Molson Coors Canada (TSX:TPX.B)(NYSE:TAP) manufactures markets and sells beer and other malt beverage products in the United States Canada Europe..., https://www.fool.ca/2021/03/20/value-investors-retire-rich-with-this-stock-in-your-portfolio/
Is Workday (WDAY) Stock A Buy or Sell?, 2021-03-21 01:13:59.287336, 7 hours ago ,  Sure they sometimes fail miserably but their consensus stock picks historically outperformed the market after adjusting for known risk factors. Is Workday..., https://finance.yahoo.com/news/workday-wday-stock-buy-sell-173418805.html
Stimulus Matters to the Stock Market and to Scholastic $SCHL, 2021-03-21 01:13:59.297639, 7 hours ago ,  Stimulus Matters to the Stock Market and to Scholastic $SCHL ... Investors often shrug off the impact of stimulus but when fabricated demand comes into the stock..., https://news.stocktradersdaily.com/news_release/1/Stimulus%2BMatters%2Bto%2Bthe%2BStock%2BMarket%2Band%2Bto%2B%2BScholastic%2BSCHL_032021013002.html
Is AbbVie (ABBV) Stock A Buy or Sell?, 2021-03-21 01:13:59.308229, 7 hours ago ,  There is not a shortage of news stories covering failed hedge fund investments and it is a fact that hedge funds' picks don't beat the market 100% of the time but..., https://finance.yahoo.com/news/abbvie-abbv-stock-buy-sell-173506552.html
Is Union Pacific (UNP) Stock A Buy or Sell? Insider Monkey, 2021-03-21 01:13:59.318195, 7 hours ago ,  We were also able to identify in advance a select group of hedge fund holdings that'll significantly underperform the market. We have been tracking and sharing..., https://finance.yahoo.com/news/union-pacific-unp-stock-buy-173310933.html
Stock Market Today - EUR/USD Forecast March 22-26 � Fed stays ..., 2021-03-21 01:14:25.406769, 40 mins ago ,  Stock Market Today � EUR/USD Forecast March 22-26 � Fed stays dovish but dollar gains ground. Technical lines from top to bottom: We start with resistance at..., https://fintechzoom.com/fintech_news_stock-market/stock-market-today-eur-usd-forecast-march-22-26-fed-stays-dovish-but-dollar-gains-ground/
Indian companies sell shares at fastest rate since financial crisis, 2021-03-21 01:14:25.420411, 1 hour ago ,  Over �the last five years the equity market itself was very dull and there wasn't much happening in terms of IPO activity� said Hemang Jani an equity strategist at..., https://www.ft.com/content/4f1294ae-8a20-47c3-abf4-0223f56ec1fa
Ian Cowie: My copper-bottomed punt on tech will help me through ..., 2021-03-21 01:14:25.431830, 1 hour ago ,  Fever-Tree (stock-market ticker: FEVR) is closest to my wallet because it used to be the biggest shareholding in the �forever fund� and remains its fifth most..., https://www.thetimes.co.uk/article/ian-cowie-my-copper-bottomed-punt-on-tech-will-help-me-through-the-market-sell-off-clqszgfx0
Ronan Reid takes stock for Cantor Fitzgerald Ireland in turbulent times, 2021-03-21 01:14:25.441980, 1 hour ago ,  Stock market trading volumes trebled in March 2000 according to the Central Bank of Ireland driven by retail investors rushing to profit from the stock market..., https://www.thetimes.co.uk/article/ronan-reid-takes-stock-for-cantor-fitzgerald-ireland-in-turbulent-times-20579drh2
Brazilian Stock Exchange approves two new crypto ETFs in Latin ..., 2021-03-21 01:14:25.452589, 1 hour ago ,  The Brazilian Securities and Exchange Commission or CVM approved two cryptocurrency ETFs this week � one 100% Bitcoin and the other composed of five..., https://www.investing.com/news/cryptocurrency-news/brazilian-stock-exchange-approves-two-new-crypto-etfs-in-latin-america-2452603
Is DocuSign (DOCU) Stock A Buy or Sell?, 2021-03-21 01:14:25.462563, 1 hour ago ,  This means the bullish number of hedge fund positions in this stock currently sits at ... returns couldn't keep up with the unhedged returns of the market indices., https://finance.yahoo.com/news/docusign-docu-stock-buy-sell-233034437.html
Is Match Group (MTCH) Stock A Buy or Sell? Insider Monkey, 2021-03-21 01:14:25.472537, 1 hour ago ,  The top picks of these firms have historically outperformed the market when we ... This means the bullish number of hedge fund positions in this stock currently..., https://finance.yahoo.com/news/match-group-mtch-stock-buy-233850412.html
Is Activision Blizzard (ATVI) Stock A Buy or Sell? Insider Monkey, 2021-03-21 01:14:25.483508, 1 hour ago ,  Our research has shown that hedge funds' small-cap stock picks managed to beat the market by double digits annually between 1999 and 2016 but the margin..., https://finance.yahoo.com/news/activision-blizzard-atvi-stock-buy-233006932.html
Is Liberty Broadband (LBRDK) Stock A Buy or Sell?, 2021-03-21 01:14:25.493617, 1 hour ago ,  Our experts have shown that historically those who follow the best picks of the best hedge fund managers can outpace the market by a healthy amount (see the..., https://finance.yahoo.com/news/liberty-broadband-lbrdk-stock-buy-232925401.html
NKLA Stock - Man Utd transfer news: New defender targeted with ..., 2021-03-21 01:14:25.503596, 2 hours ago ,  ... at $7000 , https://fintechzoom.com/fintech_news_stock-market/nkla-stock-man-utd-transfer-news-new-defender-targeted-with-eric-bailly-set-to-snub-new-contract-football-sport/
After markets slumped in Covid shock our gurus did NOT panic, 2021-03-21 01:14:26.406636, 3 hours ago ,  Should they hang on to their investments? Should they buy into a falling stock market? In turning to five financial gurus with a total of 130 years of investment..., https://www.thisismoney.co.uk/money/investing/article-9383717/After-markets-slumped-Covid-shock-gurus-did-NOT-panic.html
SARASIN RESPONSIBLE GLOBAL EQUITY: Markets 'hot', 2021-03-21 01:14:26.417399, 3 hours ago ,  Concerned that stock markets are getting 'pretty hot' Thomas is topping up some of the fund's positions in defensive stocks � such as consumer staples giants..., https://www.thisismoney.co.uk/money/investing/article-9383723/SARASIN-RESPONSIBLE-GLOBAL-EQUITY-Markets-hot.html
Stock Market Analysis Today - These money and investing tips can ..., 2021-03-21 01:14:26.427433, 3 hours ago ,  Stock Market Analysis Today � These money and investing tips can give you a parachute when financial markets demand a leap of faith. Don't miss these top..., https://fintechzoom.com/fintech_news_stock-market-news/stock-market-analysis-today-these-money-and-investing-tips-can-give-you-a-parachute-when-financial-markets-demand-a-leap-of-faith/
Frustrated By The S&P 500's Recent Returns? Reverse It., 2021-03-21 01:14:26.438404, 4 hours ago ,  So the smallest weighted stock in SPY is the largest holding in RVRS. ... Let's dig into the market cap data on several popular ETFs to see how RVRS compares., https://www.seeitmarket.com/frustrated-by-the-sp-500s-recent-returns-reverse-it/
London Stock Exchange - London Stock Exchange - Jacob takes ..., 2021-03-21 01:14:26.449410, 4 hours ago ,  London Stock Exchange � London Stock Exchange � Jacob takes Stock during injury lay-off in the hope of delivering venomous comeback | Fintech Zoom., https://fintechzoom.com/fintech_news_stock-market-today/london-stock-exchange-london-stock-exchange-jacob-takes-stock-during-injury-lay-off-in-the-hope-of-delivering-venomous-comeback-fintech-zoom/
XLM price - Brazilian Stock Exchange approves two new crypto ..., 2021-03-21 01:14:26.459384, 4 hours ago ,  Both ETFs will be traded on the Brazil's Stock Exchange or B3. According to Brazil Journal two of the country's main banks Ita, https://fintechzoom.com/fintech_news_cryptocurrency-news/xlm-price-brazilian-stock-exchange-approves-two-new-crypto-etfs-in-latin-america/
Letter: Let's Talk Economy | Opinion | thepilot.com, 2021-03-21 01:14:26.469530, 5 hours ago ,  If the stock market was somehow the U.S. economy then almost half of the population is left out. This is why Trump acolytes who continue to bang their pans..., https://www.thepilot.com/opinion/letter-let-s-talk-economy/article_c818e2c6-88dc-11eb-b4a9-2b5905ef1d93.html
How Does the Stock Market Work?, 2021-03-21 01:14:26.479504, 5 hours ago ,  It's a type of capital market which connects investors and companies to facilitate the transfer of funds. It's where public companies list equity shares and where..., https://www.wallstreetreporter.com/2021/03/how-does-the-stock-market-work/
US investors get stimulus boost but higher taxes could threaten ..., 2021-03-21 01:14:26.489478, 6 hours ago ,  People are seen outside the New York Stock Exchange. Investors are turning their attention to prospects that higher taxes could threaten the rally in US stocks..., https://www.gulf-times.com/story/687079/US-investors-get-stimulus-boost-but-higher-taxes-c
London Stock Exchange - Jacob takes Stock during injury lay-off in ..., 2021-03-21 01:14:26.500449, 6 hours ago ,  London Stock Exchange � Jacob takes Stock during injury lay-off in the hope of delivering venomous comeback. Jacob Stockdale says it will take �accuracy and..., https://fintechzoom.com/fintech_news_stock-market-today/london-stock-exchange-jacob-takes-stock-during-injury-lay-off-in-the-hope-of-delivering-venomous-comeback/
London Stock Exchange - Jacob takes Stock during injury lay-off in ..., 2021-03-21 01:14:27.653887, 6 hours ago ,  London Stock Exchange � Jacob takes Stock during injury lay-off in the hope of delivering venomous comeback. Jacob Stockdale says it will take �accuracy and..., https://fintechzoom.com/fintech_news_stock-market-today/london-stock-exchange-jacob-takes-stock-during-injury-lay-off-in-the-hope-of-delivering-venomous-comeback/
Millennial Airline Investors Are Up Double Since Buffett's Departure, 2021-03-21 01:14:27.665852, 6 hours ago ,  Investors who put $10000 in a basket of global airline stocks on May 4 2020 ... Millennial and Gen Z participation in the stock market will likewise continue to..., https://www.nasdaq.com/articles/millennial-airline-investors-are-up-double-since-buffetts-departure-2021-03-20
Latest Stock Market News, 2021-03-21 01:14:27.676828, 6 hours ago ,  For the week the Dow fell 0.5% and the S&P 500 and the Nasdaq both slid 0.8%. What drove the market? Stocks slipped after the Fed said it it would allow an..., https://fintechzoom.com/fintech_news_stock-market/stock-market-news-u-s-stocks-close-mostly-lower-as-bank-shares-get-hit-by-fed-decision-on-capital-requirements/
Stock Market Today - Million dollar dumps: Auckland's derelict ..., 2021-03-21 01:14:27.687764, 6 hours ago ,  Stock Market Today � Million dollar dumps: Auckland's derelict properties worth millions of dollars. New Zealand is in a housing crisis. Around the country the..., https://fintechzoom.com/fintech_news_stock-market/stock-market-today-million-dollar-dumps-aucklands-derelict-properties-worth-millions-of-dollars/
Value Investors: Retire Rich With This Stock in Your Portfolio, 2021-03-21 01:14:27.697848, 7 hours ago ,  Molson Coors Canada (TSX:TPX.B)(NYSE:TAP) manufactures markets and sells beer and other malt beverage products in the United States Canada Europe..., https://www.fool.ca/2021/03/20/value-investors-retire-rich-with-this-stock-in-your-portfolio/
Roku Inc. (ROKU) Stock Price News Quote & History - FintechZoom, 2021-03-21 01:14:27.708171, 7 hours ago ,  But that's not the story Vizio is selling to investors as it prepares to go public on the New York Stock Exchange next week. �One of the primary addressable markets..., https://fintechzoom.com/fintech_news_stock-market/roku-stock-roku-inc-roku-stock-price-news-quote-history-41/
Is Workday (WDAY) Stock A Buy or Sell?, 2021-03-21 01:14:27.718179, 7 hours ago ,  Sure they sometimes fail miserably but their consensus stock picks historically outperformed the market after adjusting for known risk factors. Is Workday..., https://finance.yahoo.com/news/workday-wday-stock-buy-sell-173418805.html
Is NIKE (NKE) Stock A Buy or Sell? Insider Monkey, 2021-03-21 01:14:27.729753, 7 hours ago ,  This means the bullish number of hedge fund positions in this stock currently sits at its all ... Investors who are long the market and short these stocks would have..., https://finance.yahoo.com/news/nike-nke-stock-buy-sell-173240943.html
Stimulus Matters to the Stock Market and to Scholastic $SCHL, 2021-03-21 01:14:27.741721, 7 hours ago ,  Stimulus Matters to the Stock Market and to Scholastic $SCHL ... Investors often shrug off the impact of stimulus but when fabricated demand comes into the stock..., https://news.stocktradersdaily.com/news_release/1/Stimulus%2BMatters%2Bto%2Bthe%2BStock%2BMarket%2Band%2Bto%2B%2BScholastic%2BSCHL_032021013002.html
Is AbbVie (ABBV) Stock A Buy or Sell?, 2021-03-21 01:14:27.751897, 7 hours ago ,  There is not a shortage of news stories covering failed hedge fund investments and it is a fact that hedge funds' picks don't beat the market 100% of the time but..., https://finance.yahoo.com/news/abbvie-abbv-stock-buy-sell-173506552.html
Stock Market Today - EUR/USD Forecast March 22-26 � Fed stays ..., 2021-03-21 01:40:24.965971, 1 hour ago ,  Stock Market Today � EUR/USD Forecast March 22-26 � Fed stays dovish but dollar gains ground. Technical lines from top to bottom: We start with resistance at..., https://fintechzoom.com/fintech_news_stock-market/stock-market-today-eur-usd-forecast-march-22-26-fed-stays-dovish-but-dollar-gains-ground/ 
VW CEO's embrace of Elon Musk's playbook sends stock soaring, 2021-03-21 01:40:24.981965, 1 hour ago ,  Volkswagen has swiftly gone from corporate dinosaur status to stock market darling and its chief executive officer's imitation of Elon Musk has a lot to do with it., https://www.theday.com/business/20210320/vw-ceos-embrace-of-elon-musks-playbook-sends-stock-soaring 
Indian companies sell shares at fastest rate since financial crisis, 2021-03-21 01:40:24.995893, 1 hour ago ,  Over �the last five years the equity market itself was very dull and there wasn't much happening in terms of IPO activity� said Hemang Jani an equity strategist at..., https://www.ft.com/content/4f1294ae-8a20-47c3-abf4-0223f56ec1fa 
Ian Cowie: My copper-bottomed punt on tech will help me through ..., 2021-03-21 01:40:25.010885, 1 hour ago ,  Fever-Tree (stock-market ticker: FEVR) is closest to my wallet because it used to be the biggest shareholding in the �forever fund� and remains its fifth most..., https://www.thetimes.co.uk/article/ian-cowie-my-copper-bottomed-punt-on-tech-will-help-me-through-the-market-sell-off-clqszgfx0 
Ronan Reid takes stock for Cantor Fitzgerald Ireland in turbulent times, 2021-03-21 01:40:25.024817, 1 hour ago ,  Stock market trading volumes trebled in March 2000 according to the Central Bank of Ireland driven by retail investors rushing to profit from the stock market..., https://www.thetimes.co.uk/article/ronan-reid-takes-stock-for-cantor-fitzgerald-ireland-in-turbulent-times-20579drh2 
Brazilian Stock Exchange approves two new crypto ETFs in Latin ..., 2021-03-21 01:40:25.035788, 1 hour ago ,  The Brazilian Securities and Exchange Commission or CVM approved two cryptocurrency ETFs this week � one 100% Bitcoin and the other composed of five..., https://www.investing.com/news/cryptocurrency-news/brazilian-stock-exchange-approves-two-new-crypto-etfs-in-latin-america-2452603 
Is DocuSign (DOCU) Stock A Buy or Sell?, 2021-03-21 01:40:25.047788, 1 hour ago ,  This means the bullish number of hedge fund positions in this stock currently sits at ... returns couldn't keep up with the unhedged returns of the market indices., https://finance.yahoo.com/news/docusign-docu-stock-buy-sell-233034437.html 
Is Match Group (MTCH) Stock A Buy or Sell? Insider Monkey, 2021-03-21 01:40:25.058728, 2 hours ago ,  The top picks of these firms have historically outperformed the market when we ... This means the bullish number of hedge fund positions in this stock currently..., https://finance.yahoo.com/news/match-group-mtch-stock-buy-233850412.html 
Is Activision Blizzard (ATVI) Stock A Buy or Sell? Insider Monkey, 2021-03-21 01:40:25.070698, 2 hours ago ,  Our research has shown that hedge funds' small-cap stock picks managed to beat the market by double digits annually between 1999 and 2016 but the margin..., https://finance.yahoo.com/news/activision-blizzard-atvi-stock-buy-233006932.html 
Is Liberty Broadband (LBRDK) Stock A Buy or Sell?, 2021-03-21 01:40:25.081702, 2 hours ago ,  Our experts have shown that historically those who follow the best picks of the best hedge fund managers can outpace the market by a healthy amount (see the..., https://finance.yahoo.com/news/liberty-broadband-lbrdk-stock-buy-232925401.html 
When to Trade and When to Do Nothing, 2021-03-21 01:40:25.482616, 3 hours ago ,  The daily charts (below) are of the four major stock market indices including the Russell 2000 (IWM) S&P 500 (SPY) Nasdaq 100 (QQQ) and the Dow Jones..., https://www.seeitmarket.com/when-to-trade-and-when-to-do-nothing/ 
Online Educator Coursera Plans to Sell Shares, 2021-03-21 01:40:25.494584, 3 hours ago ,  Stock market offering. Since 2012 Coursera has been supported by private investment companies. As interest in online learning grew the Silicon Valley-based..., https://learningenglish.voanews.com/a/online-educator-coursera-plans-to-sell-shares/5818582.html 
After markets slumped in Covid shock our gurus did NOT panic, 2021-03-21 01:40:25.506553, 3 hours ago ,  Should they hang on to their investments? Should they buy into a falling stock market? In turning to five financial gurus with a total of 130 years of investment..., https://www.thisismoney.co.uk/money/investing/article-9383717/After-markets-slumped-Covid-shock-gurus-did-NOT-panic.html 
SARASIN RESPONSIBLE GLOBAL EQUITY: Markets 'hot', 2021-03-21 01:40:25.516527, 3 hours ago ,  Concerned that stock markets are getting 'pretty hot' Thomas is topping up some of the fund's positions in defensive stocks � such as consumer staples giants..., https://www.thisismoney.co.uk/money/investing/article-9383723/SARASIN-RESPONSIBLE-GLOBAL-EQUITY-Markets-hot.html 
Frustrated By The S&P 500's Recent Returns? Reverse It., 2021-03-21 01:40:25.528495, 4 hours ago ,  So the smallest weighted stock in SPY is the largest holding in RVRS. ... Let's dig into the market cap data on several popular ETFs to see how RVRS compares., https://www.seeitmarket.com/frustrated-by-the-sp-500s-recent-returns-reverse-it/ 
London Stock Exchange - London Stock Exchange - Jacob takes ..., 2021-03-21 01:40:25.539467, 4 hours ago ,  London Stock Exchange � London Stock Exchange � Jacob takes Stock during injury lay-off in the hope of delivering venomous comeback | Fintech Zoom., https://fintechzoom.com/fintech_news_stock-market-today/london-stock-exchange-london-stock-exchange-jacob-takes-stock-during-injury-lay-off-in-the-hope-of-delivering-venomous-comeback-fintech-zoom/ 
XLM price - Brazilian Stock Exchange approves two new crypto ..., 2021-03-21 01:40:25.550438, 5 hours ago ,  Both ETFs will be traded on the Brazil's Stock Exchange or B3. According to Brazil Journal two of the country's main banks Ita, https://fintechzoom.com/fintech_news_cryptocurrency-news/xlm-price-brazilian-stock-exchange-approves-two-new-crypto-etfs-in-latin-america/ 
Former Sebi chief G V Ramakrishna who led market clean-up in ..., 2021-03-21 01:40:25.562406, 5 hours ago ,  The National Stock Exchange (NSE) currently India's largest exchange came up in 1992-93 during his tenure as the Sebi Chairman. Advertisement. After the..., https://indianexpress.com/article/india/former-sebi-chief-gvr-who-led-market-clean-up-in-90s-passes-away-7237735/ 
Letter: Let's Talk Economy | Opinion | thepilot.com, 2021-03-21 01:40:25.573378, 6 hours ago ,  If the stock market was somehow the U.S. economy then almost half of the population is left out. This is why Trump acolytes who continue to bang their pans..., https://www.thepilot.com/opinion/letter-let-s-talk-economy/article_c818e2c6-88dc-11eb-b4a9-2b5905ef1d93.html 
How Does the Stock Market Work?, 2021-03-21 01:40:25.584349, 6 hours ago ,  It's a type of capital market which connects investors and companies to facilitate the transfer of funds. It's where public companies list equity shares and where..., https://www.wallstreetreporter.com/2021/03/how-does-the-stock-market-work/ 
Alibaba Group Holding Limited (BABA) Stock Price, 2021-03-21 01:40:26.036250, 6 hours ago ,  Baba Stock � E-Commerce Market Emerging Trends Growth Factors Business Opportunities and Forecast to 2026 , https://fintechzoom.com/fintech_news_alibaba/baba-stock-e-commerce-market-emerging-trends-growth-factors-business-opportunities-and-forecast-to-2026/ 
US investors get stimulus boost but higher taxes could threaten ..., 2021-03-21 01:40:26.056029, 6 hours ago ,  People are seen outside the New York Stock Exchange. Investors are turning their attention to prospects that higher taxes could threaten the rally in US stocks..., https://www.gulf-times.com/story/687079/US-investors-get-stimulus-boost-but-higher-taxes-c 
London Stock Exchange - Jacob takes Stock during injury lay-off in ..., 2021-03-21 01:40:26.066975, 6 hours ago ,  London Stock Exchange � Jacob takes Stock during injury lay-off in the hope of delivering venomous comeback. Jacob Stockdale says it will take �accuracy and..., https://fintechzoom.com/fintech_news_stock-market-today/london-stock-exchange-jacob-takes-stock-during-injury-lay-off-in-the-hope-of-delivering-venomous-comeback/ 
Latest Stock Market News, 2021-03-21 01:40:26.077946, 7 hours ago ,  For the week the Dow fell 0.5% and the S&P 500 and the Nasdaq both slid 0.8%. What drove the market? Stocks slipped after the Fed said it it would allow an..., https://fintechzoom.com/fintech_news_stock-market/stock-market-news-u-s-stocks-close-mostly-lower-as-bank-shares-get-hit-by-fed-decision-on-capital-requirements/ 
Stock Market Today - Million dollar dumps: Auckland's derelict ..., 2021-03-21 01:40:26.086275, 7 hours ago ,  Stock Market Today � Million dollar dumps: Auckland's derelict properties worth millions of dollars. New Zealand is in a housing crisis. Around the country the..., https://fintechzoom.com/fintech_news_stock-market/stock-market-today-million-dollar-dumps-aucklands-derelict-properties-worth-millions-of-dollars/ 
Value Investors: Retire Rich With This Stock in Your Portfolio, 2021-03-21 01:40:26.086275, 7 hours ago ,  Molson Coors Canada (TSX:TPX.B)(NYSE:TAP) manufactures markets and sells beer and other malt beverage products in the United States Canada Europe..., https://www.fool.ca/2021/03/20/value-investors-retire-rich-with-this-stock-in-your-portfolio/ 
Is Workday (WDAY) Stock A Buy or Sell?, 2021-03-21 01:40:26.101924, 7 hours ago ,  Sure they sometimes fail miserably but their consensus stock picks historically outperformed the market after adjusting for known risk factors. Is Workday..., https://finance.yahoo.com/news/workday-wday-stock-buy-sell-173418805.html 
Is NIKE (NKE) Stock A Buy or Sell? Insider Monkey, 2021-03-21 01:40:26.117520, 7 hours ago ,  This means the bullish number of hedge fund positions in this stock currently sits at its all ... Investors who are long the market and short these stocks would have..., https://finance.yahoo.com/news/nike-nke-stock-buy-sell-173240943.html 
Stimulus Matters to the Stock Market and to Scholastic $SCHL, 2021-03-21 01:40:26.117520, 8 hours ago ,  Stimulus Matters to the Stock Market and to Scholastic $SCHL ... Investors often shrug off the impact of stimulus but when fabricated demand comes into the stock..., https://news.stocktradersdaily.com/news_release/1/Stimulus%2BMatters%2Bto%2Bthe%2BStock%2BMarket%2Band%2Bto%2B%2BScholastic%2BSCHL_032021013002.html 
Is AbbVie (ABBV) Stock A Buy or Sell?, 2021-03-21 01:40:26.133183, 8 hours ago ,  There is not a shortage of news stories covering failed hedge fund investments and it is a fact that hedge funds' picks don't beat the market 100% of the time but..., https://finance.yahoo.com/news/abbvie-abbv-stock-buy-sell-173506552.html 
Is Union Pacific (UNP) Stock A Buy or Sell? Insider Monkey, 2021-03-21 01:40:26.602914, 8 hours ago ,  We were also able to identify in advance a select group of hedge fund holdings that'll significantly underperform the market. We have been tracking and sharing..., https://finance.yahoo.com/news/union-pacific-unp-stock-buy-173310933.html 
